PRAGMA foreign_keys=OFF;
BEGIN TRANSACTION;
CREATE TABLE "django_migrations" ("id" integer NOT NULL PRIMARY KEY AUTOINCREMENT, "app" varchar(255) NOT NULL, "name" varchar(255) NOT NULL, "applied" datetime NOT NULL);
INSERT INTO "django_migrations" VALUES(1,'contenttypes','0001_initial','2017-04-13 15:27:45.000656');
INSERT INTO "django_migrations" VALUES(2,'auth','0001_initial','2017-04-13 15:27:45.176344');
INSERT INTO "django_migrations" VALUES(3,'admin','0001_initial','2017-04-13 15:27:45.335366');
INSERT INTO "django_migrations" VALUES(4,'admin','0002_logentry_remove_auto_add','2017-04-13 15:27:45.519425');
INSERT INTO "django_migrations" VALUES(5,'contenttypes','0002_remove_content_type_name','2017-04-13 15:27:45.673770');
INSERT INTO "django_migrations" VALUES(6,'auth','0002_alter_permission_name_max_length','2017-04-13 15:27:45.823705');
INSERT INTO "django_migrations" VALUES(7,'auth','0003_alter_user_email_max_length','2017-04-13 15:27:45.988075');
INSERT INTO "django_migrations" VALUES(8,'auth','0004_alter_user_username_opts','2017-04-13 15:27:46.207077');
INSERT INTO "django_migrations" VALUES(9,'auth','0005_alter_user_last_login_null','2017-04-13 15:27:46.331049');
INSERT INTO "django_migrations" VALUES(10,'auth','0006_require_contenttypes_0002','2017-04-13 15:27:46.382262');
INSERT INTO "django_migrations" VALUES(11,'auth','0007_alter_validators_add_error_messages','2017-04-13 15:27:46.489397');
INSERT INTO "django_migrations" VALUES(12,'auth','0008_alter_user_username_max_length','2017-04-13 15:27:46.631279');
INSERT INTO "django_migrations" VALUES(13,'runs','0001_initial','2017-04-13 15:27:46.776000');
INSERT INTO "django_migrations" VALUES(14,'sessions','0001_initial','2017-04-13 15:27:46.893292');
CREATE TABLE "auth_group" ("id" integer NOT NULL PRIMARY KEY AUTOINCREMENT, "name" varchar(80) NOT NULL UNIQUE);
CREATE TABLE "auth_group_permissions" ("id" integer NOT NULL PRIMARY KEY AUTOINCREMENT, "group_id" integer NOT NULL REFERENCES "auth_group" ("id"), "permission_id" integer NOT NULL REFERENCES "auth_permission" ("id"));
CREATE TABLE "auth_user_groups" ("id" integer NOT NULL PRIMARY KEY AUTOINCREMENT, "user_id" integer NOT NULL REFERENCES "auth_user" ("id"), "group_id" integer NOT NULL REFERENCES "auth_group" ("id"));
CREATE TABLE "auth_user_user_permissions" ("id" integer NOT NULL PRIMARY KEY AUTOINCREMENT, "user_id" integer NOT NULL REFERENCES "auth_user" ("id"), "permission_id" integer NOT NULL REFERENCES "auth_permission" ("id"));
CREATE TABLE "django_admin_log" ("id" integer NOT NULL PRIMARY KEY AUTOINCREMENT, "object_id" text NULL, "object_repr" varchar(200) NOT NULL, "action_flag" smallint unsigned NOT NULL, "change_message" text NOT NULL, "content_type_id" integer NULL REFERENCES "django_content_type" ("id"), "user_id" integer NOT NULL REFERENCES "auth_user" ("id"), "action_time" datetime NOT NULL);
CREATE TABLE "django_content_type" ("id" integer NOT NULL PRIMARY KEY AUTOINCREMENT, "app_label" varchar(100) NOT NULL, "model" varchar(100) NOT NULL);
INSERT INTO "django_content_type" VALUES(1,'runs','user');
INSERT INTO "django_content_type" VALUES(2,'runs','environment');
INSERT INTO "django_content_type" VALUES(3,'runs','status');
INSERT INTO "django_content_type" VALUES(4,'runs','test');
INSERT INTO "django_content_type" VALUES(5,'runs','run');
INSERT INTO "django_content_type" VALUES(6,'admin','logentry');
INSERT INTO "django_content_type" VALUES(7,'auth','permission');
INSERT INTO "django_content_type" VALUES(8,'auth','user');
INSERT INTO "django_content_type" VALUES(9,'auth','group');
INSERT INTO "django_content_type" VALUES(10,'contenttypes','contenttype');
INSERT INTO "django_content_type" VALUES(11,'sessions','session');
CREATE TABLE "auth_permission" ("id" integer NOT NULL PRIMARY KEY AUTOINCREMENT, "content_type_id" integer NOT NULL REFERENCES "django_content_type" ("id"), "codename" varchar(100) NOT NULL, "name" varchar(255) NOT NULL);
INSERT INTO "auth_permission" VALUES(1,1,'add_user','Can add user');
INSERT INTO "auth_permission" VALUES(2,1,'change_user','Can change user');
INSERT INTO "auth_permission" VALUES(3,1,'delete_user','Can delete user');
INSERT INTO "auth_permission" VALUES(4,2,'add_environment','Can add environment');
INSERT INTO "auth_permission" VALUES(5,2,'change_environment','Can change environment');
INSERT INTO "auth_permission" VALUES(6,2,'delete_environment','Can delete environment');
INSERT INTO "auth_permission" VALUES(7,3,'add_status','Can add status');
INSERT INTO "auth_permission" VALUES(8,3,'change_status','Can change status');
INSERT INTO "auth_permission" VALUES(9,3,'delete_status','Can delete status');
INSERT INTO "auth_permission" VALUES(10,4,'add_test','Can add test');
INSERT INTO "auth_permission" VALUES(11,4,'change_test','Can change test');
INSERT INTO "auth_permission" VALUES(12,4,'delete_test','Can delete test');
INSERT INTO "auth_permission" VALUES(13,5,'add_run','Can add run');
INSERT INTO "auth_permission" VALUES(14,5,'change_run','Can change run');
INSERT INTO "auth_permission" VALUES(15,5,'delete_run','Can delete run');
INSERT INTO "auth_permission" VALUES(16,6,'add_logentry','Can add log entry');
INSERT INTO "auth_permission" VALUES(17,6,'change_logentry','Can change log entry');
INSERT INTO "auth_permission" VALUES(18,6,'delete_logentry','Can delete log entry');
INSERT INTO "auth_permission" VALUES(19,7,'add_permission','Can add permission');
INSERT INTO "auth_permission" VALUES(20,7,'change_permission','Can change permission');
INSERT INTO "auth_permission" VALUES(21,7,'delete_permission','Can delete permission');
INSERT INTO "auth_permission" VALUES(22,8,'add_user','Can add user');
INSERT INTO "auth_permission" VALUES(23,8,'change_user','Can change user');
INSERT INTO "auth_permission" VALUES(24,8,'delete_user','Can delete user');
INSERT INTO "auth_permission" VALUES(25,9,'add_group','Can add group');
INSERT INTO "auth_permission" VALUES(26,9,'change_group','Can change group');
INSERT INTO "auth_permission" VALUES(27,9,'delete_group','Can delete group');
INSERT INTO "auth_permission" VALUES(28,10,'add_contenttype','Can add content type');
INSERT INTO "auth_permission" VALUES(29,10,'change_contenttype','Can change content type');
INSERT INTO "auth_permission" VALUES(30,10,'delete_contenttype','Can delete content type');
INSERT INTO "auth_permission" VALUES(31,11,'add_session','Can add session');
INSERT INTO "auth_permission" VALUES(32,11,'change_session','Can change session');
INSERT INTO "auth_permission" VALUES(33,11,'delete_session','Can delete session');
CREATE TABLE "auth_user" ("id" integer NOT NULL PRIMARY KEY AUTOINCREMENT, "password" varchar(128) NOT NULL, "last_login" datetime NULL, "is_superuser" bool NOT NULL, "first_name" varchar(30) NOT NULL, "last_name" varchar(30) NOT NULL, "email" varchar(254) NOT NULL, "is_staff" bool NOT NULL, "is_active" bool NOT NULL, "date_joined" datetime NOT NULL, "username" varchar(150) NOT NULL UNIQUE);
CREATE TABLE "environment" ("id" integer NOT NULL PRIMARY KEY AUTOINCREMENT, "description" varchar(200) NOT NULL);
CREATE TABLE "status" ("id" integer NOT NULL PRIMARY KEY AUTOINCREMENT, "value" varchar(20) NOT NULL);
CREATE TABLE "test" ("id" integer NOT NULL PRIMARY KEY AUTOINCREMENT, "name" varchar(200) NOT NULL);
INSERT INTO "test" VALUES(1,'sample_false_assert');
CREATE TABLE "user" ("id" integer NOT NULL PRIMARY KEY AUTOINCREMENT, "name" varchar(200) NOT NULL);
INSERT INTO "user" VALUES(1,'felipe');
CREATE TABLE "run" ("id" integer NOT NULL PRIMARY KEY AUTOINCREMENT, "start" datetime NULL, "end" datetime NULL, "environment_id" integer NOT NULL REFERENCES "environment" ("id"), "status_id" integer NOT NULL REFERENCES "status" ("id"), "test_id" integer NOT NULL REFERENCES "test" ("id"), "user_id" integer NOT NULL REFERENCES "user" ("id"));
CREATE TABLE "django_session" ("session_key" varchar(40) NOT NULL PRIMARY KEY, "session_data" text NOT NULL, "expire_date" datetime NOT NULL);
DELETE FROM sqlite_sequence;
INSERT INTO "sqlite_sequence" VALUES('django_migrations',14);
INSERT INTO "sqlite_sequence" VALUES('django_admin_log',0);
INSERT INTO "sqlite_sequence" VALUES('django_content_type',11);
INSERT INTO "sqlite_sequence" VALUES('auth_permission',33);
INSERT INTO "sqlite_sequence" VALUES('auth_user',0);
INSERT INTO "sqlite_sequence" VALUES('run',0);
INSERT INTO "sqlite_sequence" VALUES('user',1);
INSERT INTO "sqlite_sequence" VALUES('test',1);
INSERT INTO "sqlite_sequence" VALUES('environment',1);
CREATE UNIQUE INDEX "auth_group_permissions_group_id_permission_id_0cd325b0_uniq" ON "auth_group_permissions" ("group_id", "permission_id");
CREATE INDEX "auth_group_permissions_group_id_b120cbf9" ON "auth_group_permissions" ("group_id");
CREATE INDEX "auth_group_permissions_permission_id_84c5c92e" ON "auth_group_permissions" ("permission_id");
CREATE UNIQUE INDEX "auth_user_groups_user_id_group_id_94350c0c_uniq" ON "auth_user_groups" ("user_id", "group_id");
CREATE INDEX "auth_user_groups_user_id_6a12ed8b" ON "auth_user_groups" ("user_id");
CREATE INDEX "auth_user_groups_group_id_97559544" ON "auth_user_groups" ("group_id");
CREATE UNIQUE INDEX "auth_user_user_permissions_user_id_permission_id_14a6b632_uniq" ON "auth_user_user_permissions" ("user_id", "permission_id");
CREATE INDEX "auth_user_user_permissions_user_id_a95ead1b" ON "auth_user_user_permissions" ("user_id");
CREATE INDEX "auth_user_user_permissions_permission_id_1fbb5f2c" ON "auth_user_user_permissions" ("permission_id");
CREATE INDEX "django_admin_log_content_type_id_c4bce8eb" ON "django_admin_log" ("content_type_id");
CREATE INDEX "django_admin_log_user_id_c564eba6" ON "django_admin_log" ("user_id");
CREATE UNIQUE INDEX "django_content_type_app_label_model_76bd3d3b_uniq" ON "django_content_type" ("app_label", "model");
CREATE UNIQUE INDEX "auth_permission_content_type_id_codename_01ab375a_uniq" ON "auth_permission" ("content_type_id", "codename");
CREATE INDEX "auth_permission_content_type_id_2f476e4b" ON "auth_permission" ("content_type_id");
CREATE INDEX "run_environment_id_a017546a" ON "run" ("environment_id");
CREATE INDEX "run_status_id_4a957e5e" ON "run" ("status_id");
CREATE INDEX "run_test_id_65086677" ON "run" ("test_id");
CREATE INDEX "run_user_id_222c5c98" ON "run" ("user_id");
CREATE INDEX "django_session_expire_date_a5c62663" ON "django_session" ("expire_date");
COMMIT;

INSERT INTO "environment" VALUES(1,'Test env number 1');
INSERT INTO "environment" VALUES(2,'Test env number 2');
INSERT INTO "environment" VALUES(3,'Test env number 3');
INSERT INTO "environment" VALUES(4,'Test env number 4');
INSERT INTO "environment" VALUES(5,'Test env number 5');
INSERT INTO "environment" VALUES(6,'Test env number 6');
INSERT INTO "environment" VALUES(7,'Test env number 7');
INSERT INTO "environment" VALUES(8,'Test env number 8');
INSERT INTO "environment" VALUES(9,'Test env number 9');
INSERT INTO "environment" VALUES(10,'Test env number 10');

INSERT INTO "status" VALUES(1, 'waiting');
INSERT INTO "status" VALUES(2, 'failed');
INSERT INTO "status" VALUES(3, 'success');
INSERT INTO "status" VALUES(4, 'running');
